{
  "epoch": [
    1,
    2,
    3,
    4,
    5,
    6,
    7,
    8,
    9,
    10,
    11,
    12,
    13,
    14,
    15,
    16,
    17,
    18,
    19,
    20,
    21,
    22,
    23,
    24,
    25,
    26,
    27,
    28,
    29,
    30,
    31,
    32,
    33,
    34,
    35,
    36,
    37,
    38,
    39,
    40,
    41,
    42,
    43,
    44,
    45,
    46,
    47,
    48,
    49,
    50,
    51,
    52,
    53,
    54,
    55,
    56,
    57,
    58,
    59,
    60,
    61,
    62,
    63,
    64,
    65,
    66,
    67,
    68,
    69,
    70,
    71,
    72,
    73,
    74,
    75,
    76,
    77,
    78,
    79,
    80,
    81,
    82,
    83,
    84,
    85,
    86,
    87,
    88,
    89,
    90,
    91,
    92,
    93
  ],
  "train_loss": [
    2.942794885255116,
    2.7592573354943175,
    2.5464093492859674,
    2.449444650145316,
    2.3650348493293447,
    2.3229598567990304,
    2.342052752257582,
    2.2915712163412683,
    2.17796357119845,
    2.1925314353178895,
    2.228827489032754,
    2.061508061932286,
    2.1784247734128592,
    2.054565131097127,
    2.0309186203748757,
    1.8830067892122118,
    1.9802967851713982,
    1.8105981918174214,
    1.9214903841096458,
    1.7182442005478964,
    1.8217608380976662,
    1.8294591537470402,
    1.7239990266243366,
    1.738312836518696,
    1.7039281235164683,
    1.7710843602618211,
    1.6271641344088583,
    1.5301672356885971,
    1.4709322592982028,
    1.4824486332994053,
    1.5152223836149519,
    1.49552015341079,
    1.410704481045369,
    1.3525568714604208,
    1.3543768546729267,
    1.3457996046105607,
    1.3846389498978542,
    1.3168139766663731,
    1.232958978476652,
    1.207329813959807,
    1.2510618481044051,
    1.2198118976083987,
    1.2913721459021004,
    1.1732541584136749,
    1.2814526882007429,
    1.0769965444477532,
    1.0482848038163508,
    1.1400334987912613,
    1.111577947970478,
    1.0742989157085565,
    1.0362790783552438,
    1.0203425207449184,
    1.046477148988747,
    0.9607324314214657,
    1.0057416192319635,
    1.0340793114687232,
    1.034350492009546,
    0.9823438462273374,
    0.9140082312267617,
    1.013314339495591,
    0.9531763092014225,
    1.0944401712022218,
    1.0075887652290423,
    0.8723564412078546,
    0.9760697452823232,
    1.1023955774161414,
    0.9690586626664729,
    0.926892674449995,
    1.0235594771245404,
    0.9072723938806272,
    1.0637448092742803,
    0.8637445910137922,
    0.7272018293044553,
    0.875894277950299,
    0.8837836023148337,
    1.0585555007514988,
    0.679685776191542,
    0.9825112530965853,
    0.8546559826572611,
    0.957195240607562,
    0.8702817430418436,
    0.8046824491342701,
    0.8606441678993293,
    0.9015516964663841,
    0.7160755290561637,
    0.7990897245735511,
    0.914847975288736,
    0.8313746846635038,
    0.8951950077563322,
    0.8004715323286139,
    0.8440484262371581,
    0.752350041525473,
    0.7183687531899476
  ],
  "train_acc": [
    0.07544177616674218,
    0.0978704123244223,
    0.11803352967829633,
    0.13819664703217036,
    0.14340734028092433,
    0.14454009968282736,
    0.16062528318985048,
    0.1866787494336203,
    0.2249660172179429,
    0.18169460806524695,
    0.19732668781150883,
    0.19075668328047124,
    0.2115994562754871,
    0.2120525600362483,
    0.24105120072496602,
    0.2152242863615768,
    0.27322156773901224,
    0.2637063887630267,
    0.2467149977344812,
    0.2471681014952424,
    0.25758948799275033,
    0.2904395106479384,
    0.2884005437245129,
    0.2856819211599456,
    0.3509288627095605,
    0.27661984594472133,
    0.3457181694608065,
    0.29859537834164024,
    0.3221567739012234,
    0.3103760761214318,
    0.27027639329406433,
    0.3638423198912551,
    0.2750339827820571,
    0.3801540552786588,
    0.38128681468056186,
    0.32736746714997733,
    0.3491164476665156,
    0.38445854100589033,
    0.37154508382419577,
    0.3518350702310829,
    0.3454916175804259,
    0.3733574988672406,
    0.4152695967376529,
    0.3901223380154055,
    0.4648844585410059,
    0.4014499320344359,
    0.4089261440869959,
    0.4075668328047123,
    0.41368373357498867,
    0.3681468056184866,
    0.4173085636610784,
    0.4558223833257816,
    0.4342999546896239,
    0.4401903035795197,
    0.3323516085183507,
    0.41277752605346624,
    0.35024920706841867,
    0.4533303126415949,
    0.42614408699592204,
    0.45151789759855004,
    0.5013593112822836,
    0.46941549614861805,
    0.4386044404168555,
    0.4012233801540553,
    0.3989578613502492,
    0.4080199365654735,
    0.3377888536474853,
    0.34956955142727686,
    0.34956955142727686,
    0.4188944268237426,
    0.3935206162211146,
    0.5061169007702764,
    0.3729043951064794,
    0.4367920253738106,
    0.5108744902582691,
    0.38966923425464434,
    0.45944721341187134,
    0.558223833257816,
    0.43497961033076576,
    0.5233348436792026,
    0.558223833257816,
    0.47054825555052104,
    0.5609424558223833,
    0.4304485727231536,
    0.39601268690530134,
    0.4879927503398278,
    0.48912550974173086,
    0.48482102401449934,
    0.5113275940190304,
    0.5020389669234254,
    0.385817852288174,
    0.5715903942002719,
    0.45468962392387857
  ],
  "val_loss": [
    2.917808103561401,
    2.688578796386719,
    2.5682328796386718,
    2.497440767288208,
    2.5292483520507814,
    2.411804447174072,
    2.4037898349761964,
    2.4096956205368043,
    2.407363243103027,
    2.304087381362915,
    2.3252123308181765,
    2.384356517791748,
    2.3035686302185057,
    2.4250242042541506,
    2.3618041133880614,
    2.2759271001815797,
    2.234245195388794,
    2.3176340866088867,
    2.1719260787963868,
    2.191036801338196,
    2.2822040510177612,
    2.241196269989014,
    2.248685874938965,
    2.2439093589782715,
    2.183858871459961,
    2.0819842004776,
    2.2182647705078127,
    2.2207240676879882,
    2.2070188522338867,
    2.1347278881073,
    2.1455911445617675,
    2.243797550201416,
    2.1713409996032715,
    2.1963761711120604,
    2.1949885082244873,
    2.164898548126221,
    2.1155720806121825,
    2.1923417043685913,
    2.1402042579650877,
    2.1776346588134765,
    2.2128355407714846,
    2.170338592529297,
    2.112682328224182,
    2.140079689025879,
    2.0394782781600953,
    2.140276198387146,
    2.1852424430847166,
    2.1580867195129394,
    2.1354147481918333,
    2.1155612325668334,
    2.1160266304016115,
    2.086000189781189,
    2.183291835784912,
    2.0757081842422487,
    2.1841056823730467,
    2.2308562088012693,
    2.1174472856521604,
    2.081180992126465,
    2.150541248321533,
    2.1096058177947996,
    2.1324039363861083,
    2.1700702476501466,
    2.1307644748687746,
    2.2219990634918214,
    2.182113289833069,
    2.1911374521255493,
    2.1368368339538573,
    2.1122688388824464,
    2.236374740600586,
    2.1687714099884032,
    2.1815427255630495,
    2.2132437324523924,
    2.1456912326812745,
    2.1296812534332275,
    2.2517751979827882,
    2.190407428741455,
    2.174987096786499,
    2.2291165733337404,
    2.24780921459198,
    2.1677032899856568,
    2.1434639263153077,
    2.2027641201019286,
    2.2100401020050047,
    2.1440186071395875,
    2.1658315372467043,
    2.135652713775635,
    2.119164524078369,
    2.1537013244628906,
    2.214461965560913,
    2.174202394485474,
    2.269636640548706,
    2.1879674673080443,
    2.1451768255233765
  ],